difficulty,completionTime,Shape__Length
Advanced,240,10853.43685
Advanced,330,3531.871516
Expert,960,11802.6525
Intermediate,90,3105.242282
Easiest-Advanced,45,4692.15523
Easiest,60,753.804929
Advanced,150,15933.36448
Advanced,150,2456.580522
Intermediate,1920,64698.66557
Easy,60,3027.133188
Advanced,480,7570.157857
Advanced,1200,41684.30391
Easiest,30,471.474277
Easiest-Easy,60,6771.845557
Advanced,420,12250.87705
Easy,150,4142.722385
Expert,30,494.696087
Easy,300,4651.883408
Easy,30,622.142677
Expert,60,2306.367613
Intermediate,210,5804.666811
Advanced,180,6103.025764
Easy,40,1532.179283
Advanced,540,19079.71901
Advanced,1440,78581.5092
Advanced,180,15835.97455
Easy,60,329.691574
Easy,90,1887.201153
Easy,90,3509.844119
Easy,90,4406.891394
Expert,510,8075.612675
Easy,45,1100.994072
Easy,210,9121.186234
Easiest,80,1529.82184
Advanced-Expert,230,4206.429489
Advanced,480,4395.838145
Expert,1200,27235.40859
Easy,30,5469.349914
Easy,30,169.014441
Easy,90,1929.69533
Easiest,60,813.033133
Easy,?,22586.07195
Advanced,300,7228.876914
Advanced,180,4627.250988
Intermediate,420,15595.85971
Easy,60,4399.801591
Advanced,150,5170.154511
Advanced,240,7506.947907
Expert,300,4194.092809
Easy,90,1456.714926
Easy,240,7011.897881
Advanced,2160,65134.84337
Advanced,?,11895.11203
Easiest,?,296.391893
Easy,160,3584.226633
Easy,40,1042.931191
Advanced,90,4084.883551
Easy,60,1637.199197
Advanced,420,4713.889658
Advanced,300,8407.944413
Easy,120,5060.519948
Advanced,30,1377.753308
Advanced-Expert,330,4256.800389
Intermediate,330,4877.293726
Easiest,45,5128.947229
Easy,225,7091.349772
Easy,120,10808.62116
Easy,45,1408.041126
Easy,150,2132.356864
Advanced,300,8617.298125
Easiest,30,1004.34956
Advanced,150,1691.394418
Easy,165,7163.281
Easiest,40,1368.376805
Easy,45,2612.022193
Advanced,300,5487.9848
Expert,120,2038.63973
Easiest,15,609.422979
Intermediate,390,10399.49809
Advanced,225,4562.345007
Easiest-Easy,50,2865.77364
Easy,180,2252.231112
Advanced,270,7943.397617
Easy,80,6067.516674
Advanced,45,1131.947017
Easiest,30,1117.042356
Easy,20,1252.186524
Easy-Advanced,60,8068.935535
Easy,10,599.219641
Easy,240,7073.552007
Easiest-Advanced,180,5759.623173
Advanced,150,3539.196513
Easiest,30,445.51052
Advanced,300,9720.53566
Easy,180,17562.7012
Easiest,60,1331.310221
Advanced,?,9220.037777
Easy,90,1499.878123
Easiest,15,265.195776
Easy,55,320.913806
Easiest,20,1016.771432
Advanced,?,8347.077785
Intermediate,540,12956.8928
Easy,90,4178.762301
Advanced,450,11422.09776
Easy-Advanced,300,12052.9546
Advanced,180,5896.98807
Easiest,45,1283.266501
Advanced,240,3075.526539
Easy,150,7182.795558
Easy,120,7210.901524
Easy,20,338.651466
Advanced,120,2659.286116
Easy,10,208.282912
Advanced,120,10900.69167
Advanced,480,17673.36408
Easiest-Easy,240,11381.3241
Advanced,?,5330.237851
Easy-Advanced,210,2711.532018
Advanced,3840,125082.131
Advanced,90,2606.857454
Advanced,120,5998.892634
Easiest,30,523.218317
Advanced,150,2946.382344
Advanced,300,8336.147289
Advanced,60,1800.777645
Advanced,210,6992.850742
Easy,60,2717.697436
Advanced,480,11422.56164
Advanced,?,3819.053757
Easy,240,8425.969103
Easy,20,574.409899
Easiest,15,285.833325
Advanced,150,7260.622087
Advanced,150,4047.873045
Easiest,30,565.430542
Advanced,180,6381.780252
Advanced,55,3070.054227
Advanced,540,4761.84375
Advanced,360,5799.115878
Easy,60,1313.942264
Expert,1200,23692.26536
Easiest,20,448.418346
Easiest,45,3177.238835
Easiest-Advanced,?,7801.865219
Easy,40,1345.922763
?,150,3741.219226
Expert,540,4310.939605
Easiest,30,590.252202
Advanced,120,3995.522639
Advanced,360,19048.16548
Advanced,330,2477.083467
Expert,470,7876.351051
Expert,480,3425.299664
Advanced,420,1925.027227
Advanced,300,3609.945148
Advanced,300,5057.79235
Advanced,240,3322.526724
Easy,30,1506.17244
Advanced-Expert,300,5594.724404
Expert,340,7933.766109
Advanced,600,11355.99745
Advanced,300,14868.58282
Easy,15,514.51369
Easy,30,751.294505
Easiest,60,3597.770111
Advanced,300,7343.304934
Easy,90,3764.403177
Advanced,150,2161.883617
Advanced,?,5392.492368
Easiest,?,1637.762453
Easy,100,4991.564867
Advanced,270,9926.516904
Easiest,30,1394.428578
Easiest,30,589.537909
Easy,?,140.472352
Advanced,120,604.359229
Easy,20,832.271382
Easiest,45,4305.382387
Easiest,15,1362.962096
Easy,60,1112.902843
Intermediate,150,5209.607188
Easy,120,4821.924975
Easiest-Easy,150,5605.521042
Easiest,40,484.783467
Easiest,15,1426.186743
Easy,90,2710.364696
Advanced,240,2558.600217
Advanced,195,6859.124305
Advanced,360,14470.68136
Advanced,420,12791.54386
Advanced,?,7596.708439
Advanced,540,14533.15561
Expert,480,7977.655449
Easy,30,1106.282421
Expert,330,7858.156653
Easy,?,7783.190049
Easy,45,1945.604475
Advanced,960,13088.74151
Advanced,2160,84653.26536
Advanced,120,2443.805508
Easy,180,5345.122932
Easiest,10,452.642071
Easiest,60,2024.435791
Advanced,1920,18119.66698
Easy,30,1424.112756
Easy,2160,8630.909856
Easy,90,573.315182
Easy,90,2784.630441
Advanced,75,905.259396
Advanced,90,3786.092783
Easy,30,665.076063
Easy,?,7490.272392
Advanced,570,4542.668223
Easiest,10,1777.598835
Easiest,5,125.59567
Easy,60,587.172263
Easiest,20,798.280113
Easy,120,5062.101945
Advanced,960,22622.30352
Easy,120,4670.149993
Easy,120,3681.260924
Advanced,45,462.922717
Easy-Intermediate,?,9554.48065
Easiest,5,169.623794
Easy,140,4459.970105
Easiest,30,779.299534
Easiest,20,421.040669
Easiest,10,198.785612
Easy,90,4331.692699
Easiest,20,579.074349
Easy,30,316.659793
Easy,150,14357.25272
Advanced,2640,84545.6959
Advanced,90,10256.44346
Easy,60,1314.581559
Easy,90,1524.476394
Easy,180,344.817084
Easiest-Easy,?,4054.487952
Easy,105,2617.337136
Easy,50,3455.563327
Easy,10,741.214239
Easy,90,1591.144955
Easy,240,9472.036487
Easiest-Easy,150,1669.669622
Expert,?,3184.24263
Easiest,15,757.870597
Easy,60,2688.623341
Easy,105,2351.410813
Easiest,20,259.749932
Easy,15,221.775843
Intermediate,240,8911.418456
Easy,80,1864.986843
Easiest-Easy,70,4344.599678
Advanced,?,17033.23496
Advanced,45,2123.484631
Advanced,330,18049.86014
Advanced,420,19457.4311
Easy,40,1583.815385
Easiest,60,685.077638
Easiest,25,2082.121385
Advanced,270,10414.32102
Easy,?,6388.542402
Intermediate,720,14190.83666
Easy,150,5643.699667
Easiest,35,1155.619453
Easiest,30,285.522422
Easy,360,11587.27367
Easiest,20,1093.34753
Easy-Expert,960,23132.58858
Easy,90,4257.113084
Advanced,180,10403.13337
Advanced,225,3306.388705
Easiest,60,970.70192
Easy,60,663.448476
Easy,180,4905.811063
Easy,60,1539.580717
Easy,15,672.52097
Expert,300,10601.79703
Easy,90,2679.396934
Easy,20,6431.935
Advanced,420,2302.309487
Easy,300,10258.28091
Advanced,600,13177.35796
Easy-Advanced,75,14964.48335
Advanced,180,8729.446131
Easy,105,10677.84687
Easy,270,11431.99364
Easy,150,4595.580285
Easy,100,7792.587138
Advanced,360,14064.61602
Easy,20,957.953172
Easy,120,4748.687539
Advanced,360,4133.65996
Advanced,2400,70247.81711
Advanced,120,4300.234973
Easy,180,5487.000645
Advanced,240,4499.005844
Advanced,1920,50620.79428
Easy,120,4049.057185
Advanced,300,10723.18039
Advanced,390,12803.32642
Easy,80,2485.150805
Advanced,?,3330.68786
Easiest-Easy,75,3200.259742
Easiest,10,379.285702
Expert,960,15289.57149
Advanced,210,4694.175046
Easy,150,9261.72863
Easy,60,1699.139854
Expert,360,8529.46922
Advanced,270,12280.30351
Advanced,?,9924.025144
Easy,60,1466.475232
Easy,45,2709.911463
Easy,150,5708.404074
Advanced,420,11737.91407
Advanced,?,2935.691212
Advanced,720,20384.36035
Expert,120,7337.96206
Easy,45,2658.043846
Easiest,?,544.798546
Easy,30,405.583912
Easy-Advanced,180,7876.65818
Easiest,15,176.019142
Easiest,60,1415.750173
Easy,90,2575.691201
Easiest,10,594.717484
Expert,300,4295.590365
Advanced,?,5736.981769
Advanced,1680,64118.81657
Easy-Advanced,180,5191.311411
Advanced,180,3084.982809
Easy-Advanced,120,3580.668925
Easiest,15,631.219432
Easy,90,3107.470063
Easiest,45,1986.44383
Easiest,30,1219.94637
Easy,90,1401.474524
Intermediate,2400,71926.56678
Advanced,120,1041.256098
Advanced,2160,56862.51275
Advanced,300,8606.679683
Easy,300,7033.466636
Easy,45,955.570483
Advanced,180,2338.225179
Easy,120,4774.986697
Advanced,20,379.806838
Easy,25,2280.081638
Advanced,90,5309.244224
Easiest,20,1465.692306
Expert,480,8198.174005
Advanced,360,7607.803483
Advanced,420,10095.85507
Advanced,30,2298.781026
Advanced,180,10378.44922
Easiest,5,524.689008
Advanced,180,7347.547056
Easy,90,2244.825728
Easy,10,59.100195
Easiest,?,6503.694659
Intermediate,150,9613.075863
Intermediate,270,5976.806982
Advanced,1440,17462.07339
Advanced,80,4557.861652
Easiest,30,1023.483485
Advanced,90,1195.007303
Easy,105,9112.758816
Intermediate,180,7945.422393
Advanced,660,20736.32701
Advanced,60,1520.406158
Easiest,10,1721.1847
Advanced,150,10455.38192
Easiest-Expert,90,4490.586857
Easy,120,3581.129057
Easy-Advanced,420,9380.188402
Easy,120,3202.751831
Intermediate,1680,46597.11962
Intermediate,960,8541.816468
Intermediate,360,9030.798372
Advanced,360,16480.86178
Easy,20,1306.951378
Advanced,240,3330.867075
Advanced,300,18213.47197
Advanced,300,5157.016486
Advanced,150,3752.150139
Easiest,20,2700.667084
Advanced,150,7281.561448
Advanced,90,1653.258903
Advanced,180,6748.889579
Easy,90,2453.599699
Advanced-Expert,?,62220.71144
Advanced,210,8296.727692
Advanced,210,5626.008929
Advanced,1200,50184.49056
Advanced,480,7433.465484
Advanced-Expert,1200,34534.85086
Advanced,300,9481.501485
Easy,25,643.27841
Easiest,20,372.077664
Advanced,1440,42031.77798
Easy,10,143.563654
Easy,30,368.775096
Advanced,540,6282.255202
Easiest,40,1005.548485
Easiest,?,1564.178204
Advanced-Expert,1200,13722.50858
Advanced,1200,21512.77157
Easiest,10,183.425736
Advanced,180,4330.657313
Advanced,480,8045.104635
Easiest,10,384.148629
Advanced-Expert,960,13992.94903
Advanced,120,5354.836152
Easy,150,4897.245761
Advanced,60,10599.10816
Easiest,105,432.157044
Advanced,105,847.945008
Easy,30,744.428672
Easy,90,3222.047277
Easy,150,4036.884872
Advanced,105,6113.189223
Advanced,150,3284.209167
Advanced,420,2721.120865
Easiest,30,739.866102
Advanced,480,12034.49501
Advanced,300,7458.636545
Advanced,420,3501.13849
Advanced,180,3033.862384
Advanced-Expert,2160,92893.99727
Intermediate-Advanced,210,10064.11416
Easy,90,1742.938067
Easiest,60,2906.446714
Advanced,150,3647.234821
Advanced,480,10767.32762
Advanced,480,11762.16636
Advanced,180,2529.837539
Advanced,180,3222.734944
Expert,330,7664.465309
Advanced,240,6546.7839
Easy,120,5618.762537
Easy,45,1190.301175
Advanced,?,17135.07729
Advanced,420,9004.641979
Advanced,4800,119965.7442
Expert,2840,74534.37081
Easiest,20,869.43186
Intermediate-Advanced,?,20292.35485
Easy,?,9219.143209
Advanced,180,1151.120832
Easy,60,4212.215412
Easy,30,386.158043
Easy,90,2690.014668
Easy,40,2249.252265
Easy,?,37031.84389
Easy,120,6838.892009
Easiest,45,1816.320526
Easy,150,6927.602538
?,?,1028.604139
Easiest,30,487.723217
Easy,10,81.690257
Easy,50,3646.434771
Expert,300,7930.135037
Easy,30,1931.956641
Easy,180,2849.757728
Expert,180,3039.152668
Easiest-Advanced,180,3734.71715
Easy,105,4850.994031
Advanced,300,5073.265649
Intermediate,120,11635.69132
Easy,60,3105.662733
Advanced,150,5031.789263
Easy,150,5244.575845
Advanced,1200,9080.546386
Easy,40,4115.832717
Intermediate,1920,65134.84337
Easiest,10,246.126518
Easy,210,4930.748322
Easy,120,5812.7438
Easy,150,4191.582229
Easy,210,5324.4391
Advanced,320,3739.400915
Easy,60,6581.277382
Easy,60,3456.269258
Easiest,45,1030.501749
Easy-Advanced,75,5024.440889
Easy,?,4373.612159
Advanced,210,4044.750326
Advanced,360,3648.522208
Expert,360,2602.203777
Easiest,15,532.198482
Intermediate,270,9922.033971
Advanced,240,6285.486002
Advanced,1800,85782.09269
Intermediate,150,6461.33931
Easiest,20,89.895016
Advanced,300,4169.537548
Advanced,?,27571.45019
Expert,360,16096.67815
Easy,150,5253.591486
Easiest,50,3332.445698
Easy,120,6840.040329
Advanced,120,4005.274464
Advanced,180,7395.488266
Easy,50,3482.189873
Advanced,150,11708.9933
Easy,60,1841.243254
Easy,80,1830.543523
Easiest,40,2476.067212
Easy,120,2474.314319
Advanced,210,5202.24658
Easy,?,20568.70838
Advanced,180,4875.397827
Intermediate,480,8815.516167
Advanced,210,5858.550632
Easy,45,4269.919687
Intermediate,330,6361.725227
Advanced,600,15138.02442
Advanced,960,45975.23511
Easiest,30,740.686476
Easy,20,291.435803
Advanced,210,2797.662231
Easy,10,348.833726
Advanced,240,12327.64082
Easy-Advanced,90,3358.733709
Advanced,300,21303.13408
Easy,180,19518.41279
Easiest,30,70.688113
Advanced,840,10707.33554
Advanced,90,3499.480565
Easy,80,1706.756362
Easy,150,2458.612226
Advanced,210,10856.86009
Easy,60,1310.65534
Easy,90,1747.25978
Easy-Advanced,210,3419.141567
Advanced,240,5020.465194
Advanced,240,8787.832964
Advanced,360,5406.865769
Easy,75,3493.115493
Advanced,360,19109.83003
Expert,?,4957.807436
Easy,20,891.939606
Easy,30,804.246344
Easy,?,188.79219
Advanced,120,3294.148978
Easiest-Easy,?,3996.32329
Advanced-Expert,120,10389.30038
Easiest,50,1183.018317
Advanced,420,8536.291096
Advanced,120,1530.708022
Easy,120,1410.206518
Advanced,60,1662.312478
Advanced,240,5461.633299
Advanced,150,7085.177978
Easy,210,6755.041061
Easy,15,228.156586
Advanced,90,3219.655421
Advanced,120,1402.645063
Easy,240,8639.90388
Easy,300,7946.474761
Easy,15,274.102216
Advanced,150,5785.583899
Easy,150,2396.203775
Advanced-Expert,?,33970.53043
Easiest,30,751.362302
Advanced,330,7310.658091
Easy,120,3044.91772
Easiest,80,2068.743095
Easy,240,3965.725559
Intermediate,45,592.948933
Easy,180,6032.525777
Advanced,150,9829.441473
Easy,10,570.601339
Expert,270,4832.004755
Easy,240,4521.378161
Easy,?,2220.600758
Advanced,?,1842.645413
Easy,300,8800.802075
Expert,420,5676.3247
Advanced,180,4112.017564
Easy,150,3438.489096
Easy,90,3420.027343
Advanced,270,5731.120804
Advanced,210,15212.89282
Expert,720,15478.15126
Advanced,960,40630.72832
Advanced-Expert,1200,31680.65758
Advanced,90,10550.88909
Advanced,1200,26050.82296
Easiest-Easy-Advanced,180,8612.261616
Advanced,150,15683.91079
Easy,420,16519.88997
Easy,60,19048.16548
Advanced,720,22504.97753
Easiest,10,1291.993521
Easy,?,4778.203198
Easy,60,1243.332956
Advanced,120,4014.430804
Easy,420,12051.86045
Advanced,1200,34817.02606
Expert,2880,32787.71623
Advanced,4320,62747.805
Advanced,600,8048.44482
Advanced,210,20104.45271
Expert,1200,29384.06784
Advanced,270,2966.500096
Advanced,270,4720.027796
Expert,960,18463.47308
Advanced,180,6444.065441
Expert,360,3619.967098
Easy-Advanced-Expert,300,27414.47857
Easy,180,1799.642283
Easy,195,4608.746253
Advanced,300,13650.04875
Advanced,390,16301.71772
Expert,1680,17522.26612
Easy,90,4387.660379
Advanced,600,23572.05438
Advanced,270,8241.54867
Advanced,?,35591.37812
Advanced,300,18282.31643
Intermediate,1920,64475.79228
Easiest,60,1409.032307
Advanced,450,13629.42119
Advanced,960,22265.33349
Advanced,240,12591.30799
Expert,1680,31289.93639
Advanced,2160,70946.0483
Advanced,210,7882.276376
Easy,120,3408.967142
Advanced,120,4238.058524
Advanced,210,5073.265649
Easy,90,3001.665476
Advanced,1440,33217.85311
Intermediate,1440,46258.31634
Easy-Expert,330,8305.9267
Easy,60,1093.080581
Expert,60,2102.553963
Advanced-Expert,?,42715.35008
Advanced,600,38885.85769
Intermediate,1440,45641.02679
Advanced-Expert,?,47304.20925
Advanced,540,27068.09638
Advanced,1440,41613.64225
Advanced-Expert,?,37895.88129
Intermediate,80,3714.458289
Easy,75,4496.859226
Easy,225,9343.511162
Easy,150,4555.813693
Easy,180,9903.076215
Easy,180,8559.994843
Expert,1200,34560.65175
Intermediate,720,13444.58245
Easy,150,15920.06939
Advanced,540,3131.196416
Easy,30,1216.877778
Advanced,180,2781.15302
Intermediate,1680,60211.4503
Easy,120,4724.552232
Intermediate,195,15603.60735
Easiest,30,914.840154
Easy,75,3421.535853
Easy,30,2108.03821
Advanced-Expert,1200,24199.29326
Easy,20,851.956243
Advanced,?,13635.61132
Advanced,?,24560.20694
Advanced,120,8349.120626
Advanced,1200,45555.45858
Easy,210,8626.428334
Easy,90,2847.839102
Advanced,450,12865.57732
Advanced,?,50820.66208
Advanced,540,15846.51441
Easy,40,1735.127961
Easy,240,10076.01077
Expert,390,4847.137714
Easiest,90,3579.641885
Easy,45,512.828967
Easiest,30,1196.371604
Easy,60,3348.688945
Advanced,?,47730.30044
Easy,300,8877.984689
Advanced,180,12069.2054
Easy,90,1779.514697
Easy,180,6615.106948
Expert,2160,26891.52866
Expert,2160,64823.67753
Advanced,300,9743.614004
Advanced,600,55576.36053
Advanced,270,6795.572896
Advanced,210,10106.14908
Advanced,?,23591.26398
Advanced,360,10578.06316
Easy,135,6626.440976
Easiest,20,879.934023
Advanced,150,4525.194931
Advanced,570,18031.48081
Easy,60,1660.45584
Easy,150,6589.686604
Advanced,360,7410.269228
Intermediate,105,3569.134806
Easy,40,1807.070041
Easiest,5,253.663449
Advanced,120,6753.046451
Advanced,1920,35089.00364
Advanced-Expert,?,39179.12611
Easy-Advanced,300,8080.601307
Easiest,60,2527.673089
Advanced,1920,29961.84823
Easy,?,21981.64177
Expert,1680,41029.96064
Advanced,1200,24114.61161
Advanced,1200,30498.60967
Advanced,480,18033.94445
Easy,150,6037.848708
Expert,240,11751.04192
Advanced,1380,32435.53602
Expert,75,8290.61593
Easy,120,1737.533055
Expert,960,6119.335294
Intermediate-Advanced,960,31941.65681
Advanced,?,4442.895923
Advanced,45,385.910448
Easy,180,6391.746569
Easy-Advanced,?,11910.91063
Intermediate,720,21310.19161
Advanced,540,12388.4671
Advanced,360,18841.85081
Advanced-Expert,480,15759.75604
Advanced,300,15536.58578
Expert,960,23834.83814
Advanced,300,18593.83517
Advanced,360,11147.90657
Advanced,270,6300.462291
Advanced,720,4937.509983
Advanced-Expert,?,27872.07404
Easiest,60,5921.0808
Advanced,?,19281.6589
Easiest-Easy,150,5603.080693
Advanced,300,16454.82476
Advanced,60,7121.889574
Easy,240,9245.908682
Advanced,15,15962.11912
Advanced,240,15962.11912
Easiest,5,851.956243
Easiest,10,116.099977
Easy,60,1334.950782
Intermediate,390,18298.43003
Advanced,720,20543.11825
Easiest,?,492.404965
Advanced,540,17401.63
Advanced,690,15365.14878
Advanced,270,22545.15703
Advanced,300,26952.75935
Easiest,45,650.364047
Advanced,180,5697.872517
Easy,180,2596.396968
Easiest,5,151.515708
Easy,5,139.071821
Advanced,720,26806.8167
Advanced,720,13385.00574
Advanced,165,4192.740278
Advanced,180,15279.22086
Easy,60,2925.594244
Advanced,540,48400.79337
Advanced,1200,20785.82955
Advanced,510,18647.10391
Expert,?,7659.798493
Easy,?,11590.03081
Advanced,210,4056.553751
Advanced,1680,9080.546386
Expert,?,115059.9852
Advanced-Expert,75,1546.008173
Easy,240,7094.916432
Advanced,75,2829.035645
Advanced,1440,19733.6682
Advanced,210,9388.04336
Easy,270,15898.97454
Easy,90,4520.67917
Advanced-Expert,360,11579.62589
Intermediate,1440,34292.53523
Easy,330,6928.415975
Advanced,360,13195.61637
Easy,60,2165.982885
Expert,165,4491.041302
Advanced-Expert,?,24800.79226
Advanced,630,21858.26064
Easy,90,4891.665276
Advanced,180,5878.248156
Intermediate-Advanced-Expert,1440,57544.15386
Easy,?,16923.50964
Advanced,2400,62923.73138
Expert,240,16597.71381
Easy,50,1100.646989
Advanced,?,4153.667784
Advanced,1440,16551.33118
Easy-Expert,960,25501.85756
Advanced,?,23383.00601
Easiest-Easy,75,3631.210857
Easy,15,432.05117
Easy,180,3632.311888
Advanced,330,40119.91518
Advanced,330,13848.59773
Easy,150,3406.462739
Easiest,20,1500.968132
Easiest,30,409.910677
Advanced,300,23887.21118
Intermediate-Advanced,1200,27674.29598
Easiest,20,1256.537599
Easy,1680,47147.35256
Advanced,420,13865.22966
Advanced,120,6236.236658
Easy,45,616.800351
Easy,180,25573.05377
Expert,600,15823.86251
Advanced,?,13659.40904
Expert,2160,45151.34487
Advanced,?,45975.23511
Easiest-Easy,120,11768.40212
Easiest,10,718.069786
Advanced-Expert,2160,43559.08022
Advanced-Expert,1680,42616.78164
Expert,420,17335.07773
Advanced,120,402.240416
Intermediate,450,19096.69508
Intermediate,1680,45479.92851
Advanced,360,12345.70847
Easiest,40,1520.582841
Easy,45,5926.838445
Easy,?,345.309972
Expert,300,3196.471981
Easy,270,6373.731502
Advanced,30,475.368881
Easy-Advanced,480,44392.40439
Easy,360,18192.86097
Advanced-Expert,1440,29930.0888
Advanced,720,24941.00978
Easy,300,11591.71309
Easy,210,11352.3479
Easy,120,2294.349824
Advanced,300,13638.73984
Advanced,600,14098.2837
Advanced,960,21580.57956
Advanced,270,11099.87703
Advanced,420,20540.72752
Advanced-Expert,1440,28489.1932
Advanced-Expert,2400,57976.85323
Advanced,720,22946.86094
Intermediate-Advanced,240,15365.14878
Advanced,420,19522.30502
Easy,480,22119.96399
Easiest-Easy-Advanced,?,7814.482521
Advanced-Expert,1440,45410.00684
Advanced,1680,32189.20895
Easy,540,20367.52221
Expert,480,25292.67914
Advanced,420,32332.08177
Easy,45,892.519195
Easy-Advanced,240,6293.218419
Advanced,270,13122.5973
